JK,Umur_Bulan,Berat,Tinggi,Diagnosa
0,43,14.9,98.0,0
0,48,15.8,104.0,0
0,33,12.7,86.0,1
0,1,4.0,53.0,0
0,51,16.9,106.0,0
0,27,13.6,92.0,0
0,51,16.5,107.0,0
0,25,13.1,86.0,0
0,48,16.0,105.0,0
0,48,17.2,106.0,0
0,49,15.7,104.0,0
0,27,13.9,93.0,0
0,50,14.2,101.0,0
0,48,13.4,96.0,0
0,43,15.2,101.0,0
0,47,16.5,104.0,0
0,9,9.0,70.0,0
0,7,6.6,67.0,0
0,4,6.7,66.0,0
0,55,17.8,107.0,0
1,37,14.7,97.0,0
1,23,12.0,89.0,0
0,54,15.7,105.0,0
0,50,16.6,103.0,0
0,35,13.0,93.0,0
1,2,5.5,59.0,0
0,26,11.5,90.0,0
0,18,9.5,77.5,0
0,30,13.0,94.0,0
0,13,10.5,77.0,0
0,49,16.0,105.0,0
0,29,11.3,87.0,0
0,36,14.7,99.0,0
0,54,16.9,110.0,0
0,11,11.3,74.0,0
0,28,13.9,88.0,0
1,22,11.0,91.0,0
1,6,6.7,63.0,0
0,21,11.9,92.0,0
0,18,13.3,82.0,0
0,10,8.0,69.0,0
0,60,16.2,111.0,0
0,22,12.2,91.0,0
0,24,9.5,77.2,1
0,9,8.5,69.0,0
0,26,13.0,95.0,0
0,44,15.1,103.0,0
0,21,10.2,83.0,0
0,5,6.8,63.0,0
0,25,13.4,85.0,0
0,35,14.0,95.0,0
1,34,11.5,93.0,0
0,47,16.8,107.0,0
0,19,12.0,87.0,0
0,57,16.0,107.0,0
0,16,11.3,82.0,0
0,39,14.3,94.0,0
0,41,13.9,98.0,0
0,54,16.6,111.0,0
1,43,16.0,101.8,0
1,41,14.6,102.0,0
0,16,10.5,77.0,0
1,5,9.3,70.0,0
1,59,15.1,111.0,0
0,11,8.1,75.0,0
1,29,11.3,87.0,0
1,44,14.6,99.0,0
1,6,6.7,62.0,0
1,35,13.2,96.0,0
1,10,8.2,70.0,0
1,24,11.3,92.0,0
1,58,16.1,111.0,0
1,45,16.0,103.0,0
1,47,17.2,108.0,0
0,13,9.0,83.0,0
0,54,14.7,103.0,0
0,28,13.5,88.0,0
0,50,16.5,108.0,0
0,57,16.9,111.0,0
1,51,13.1,91.8,1
1,37,11.4,83.6,1
0,37,13.4,97.0,0
1,36,15.0,91.3,0
1,18,11.2,78.0,0
1,9,8.6,70.0,0
0,16,10.4,76.0,0
0,38,15.0,103.0,0
1,39,10.9,92.0,0
1,12,8.8,70.0,0
1,54,15.5,103.0,0
1,4,7.0,64.0,0
1,23,10.6,92.0,0
1,54,16.2,107.0,0
1,33,13.6,94.0,0
1,40,13.1,99.0,0
1,49,16.0,107.0,0
1,22,11.1,85.0,0
1,44,16.4,104.0,0
1,35,14.3,98.0,0
0,53,14.9,106.0,0
0,27,11.7,85.0,0
1,48,15.9,100.0,0
1,57,13.3,100.4,0
1,57,17.0,108.5,0
1,13,9.3,75.0,0
1,4,5.9,62.0,0
1,41,9.9,83.9,1
0,35,13.5,94.0,0
1,36,9.6,93.0,0
0,30,10.1,84.3,1
0,0,3.2,50.0,0
0,11,10.6,76.0,0
0,47,12.2,98.0,0
0,27,13.7,94.0,0
0,32,9.9,87.0,0
0,40,14.7,104.0,0
0,34,10.4,88.0,0
0,25,12.7,88.0,0
0,54,13.7,97.0,1
0,2,5.5,58.0,0
0,14,10.4,76.0,0
0,50,15.6,98.0,0
0,3,6.0,60.0,0
1,35,14.5,99.0,0
0,4,8.6,66.0,0
0,0,3.4,50.0,0
0,52,17.0,107.0,0
0,14,9.1,75.0,0
0,40,15.0,100.0,0
0,46,16.9,107.0,0
0,10,8.1,73.0,0
0,47,16.9,105.0,0
0,19,11.6,83.0,0
0,32,13.8,91.0,0
0,52,17.4,104.0,0
0,33,12.8,94.0,0
0,36,14.6,98.0,0
0,6,8.3,68.0,0
0,38,14.5,96.0,0
0,21,10.3,80.0,0
0,50,15.4,109.0,0
0,32,13.1,87.0,0
0,8,8.3,68.0,0
0,45,13.8,101.0,0
0,28,12.7,89.0,0
0,1,4.3,55.0,0
0,16,9.0,81.0,0
0,50,15.5,106.0,0
0,51,10.9,98.0,0
0,11,10.0,75.0,0
0,14,8.7,72.0,1
0,49,15.5,98.0,0
0,2,5.0,56.0,0
0,48,15.2,101.0,0
0,58,16.0,106.0,0
0,53,12.0,98.0,0
0,26,12.0,87.0,0
0,54,15.7,103.0,0
1,55,15.4,120.0,0
1,40,13.0,94.0,0
0,12,9.8,74.0,0
1,44,11.2,94.5,0
1,57,16.0,104.0,0
1,36,14.0,91.5,0
0,48,15.8,109.0,0
1,23,11.3,85.0,0
1,16,10.7,78.0,0
1,54,15.5,102.8,0
1,14,9.3,75.0,0
1,28,11.9,88.0,0
1,4,6.0,60.0,0
1,52,13.0,104.0,0
1,4,5.3,60.0,0
1,59,14.0,101.0,0
1,48,14.0,100.0,0
1,1,5.4,58.0,0
1,43,15.5,103.0,0
0,37,11.8,90.0,0
1,43,14.8,101.0,0
1,43,14.9,109.0,0
1,33,13.0,87.5,0
1,40,12.0,93.0,0
1,17,10.5,79.0,0
1,27,12.2,82.6,0
1,45,15.0,105.0,0
1,49,16.7,105.0,0
1,18,11.3,80.0,0
1,38,14.5,106.0,0
1,30,14.2,98.0,0
0,23,12.3,89.0,0
0,27,10.7,92.0,0
0,31,13.7,95.0,0
0,11,9.0,72.0,0
0,56,21.2,107.0,0
1,46,18.8,102.5,0
0,52,15.7,108.0,0
0,15,10.9,75.0,0
0,29,12.0,94.3,0
0,13,9.3,75.0,0
0,41,12.3,97.0,0
0,10,8.7,70.0,0
0,15,10.3,76.0,0
0,11,8.8,72.0,0
1,45,14.2,105.0,0
1,16,9.4,74.0,0
1,27,13.3,89.0,0
1,24,9.9,80.5,0
1,25,10.4,83.7,0
0,11,7.1,70.2,1
0,18,9.4,77.0,1
0,19,8.9,75.7,1
0,45,13.2,92.5,1
0,35,9.9,84.5,1
1,28,9.0,79.7,1
1,41,9.8,87.0,1
1,19,8.0,73.8,1
0,39,9.3,85.3,1
0,31,9.9,83.8,1
0,26,13.1,90.0,0
0,25,11.6,90.0,0
0,30,9.7,79.8,1
0,11,8.9,76.0,0
0,4,5.6,61.0,1
0,17,8.7,76.5,0
0,39,10.9,89.0,1
0,19,8.0,74.2,1
0,44,14.9,101.0,0
1,38,13.7,92.0,0
1,24,9.7,82.0,0
1,13,7.4,74.0,0
1,26,14.9,89.0,0
1,40,13.7,97.0,0
0,21,13.9,85.0,0
0,45,14.0,92.7,1
0,24,10.0,78.3,1
1,50,16.7,106.0,0
1,49,16.5,104.5,0
0,18,8.5,74.8,1
0,46,13.2,93.0,1
0,4,7.4,63.0,0
0,41,15.2,103.0,0
1,28,12.0,86.0,0
1,27,13.2,86.0,0
0,54,14.1,104.0,0
1,2,5.0,60.0,0
1,3,5.0,59.0,0
1,20,11.9,84.0,0
1,55,13.2,100.5,0
1,25,12.5,86.0,0
1,9,7.7,69.0,0
1,51,12.7,92.4,1
1,20,11.3,82.0,0
1,24,12.9,85.0,0
1,18,11.1,77.0,0
0,31,14.2,99.0,0
0,39,14.0,96.0,0
1,19,9.6,87.0,0
1,35,13.9,101.0,0
1,58,15.9,110.0,0
1,4,7.2,63.0,0
1,18,8.7,81.0,0
0,46,11.6,92.3,1
0,35,16.2,91.5,0
1,16,10.6,77.0,0
0,46,10.7,88.8,1
0,48,11.4,90.7,1
0,5,6.4,63.0,0
1,13,8.7,69.0,1
1,37,11.5,89.0,0
1,50,14.0,102.0,0
1,48,14.6,102.0,0
1,48,10.9,97.0,0
1,29,10.0,87.0,0
1,35,14.6,100.0,0
1,3,5.8,58.0,0
1,35,11.4,83.5,1
1,12,9.7,73.0,0
1,23,7.7,80.0,0
1,34,10.4,91.8,0
1,37,11.1,93.5,0
0,48,13.7,101.0,0
1,27,10.3,81.1,1
0,30,14.0,91.0,0
0,14,10.0,75.0,0
0,13,10.0,75.0,0
1,55,15.6,106.0,0
1,25,11.0,85.0,0
1,50,14.4,101.0,0
1,29,8.9,93.0,0
1,54,15.8,103.0,0
0,58,12.6,110.0,0
0,37,10.2,88.7,1
0,50,14.3,96.2,0
0,53,8.5,106.0,0
0,6,6.5,64.0,0
0,29,10.8,80.7,1
0,50,11.0,94.1,1
0,52,15.7,104.0,0
1,59,16.2,109.0,0
1,57,13.4,95.0,1
1,42,11.7,90.0,1
1,34,9.7,84.1,1
1,22,11.9,82.0,0
1,30,13.8,92.0,0
1,30,13.6,99.0,0
1,37,13.3,89.0,0
1,22,11.8,85.0,0
1,59,16.8,103.0,0
1,12,9.5,70.0,0
1,20,11.0,82.0,0
1,36,14.8,92.0,0
1,49,13.4,103.0,0
1,6,6.6,65.0,0
1,57,20.5,109.0,0
1,26,11.3,85.0,0
1,27,10.8,84.4,0
1,32,9.7,82.2,1
0,55,12.8,97.0,1
0,30,10.4,83.5,1
0,56,13.9,97.9,1
0,21,8.7,78.4,1
0,58,13.9,98.6,1
1,52,13.2,96.5,0
1,33,10.8,85.2,1
1,15,11.2,75.0,0
0,46,13.8,93.0,1
0,22,9.2,78.5,1
0,46,11.3,92.5,1
1,34,9.9,84.2,1
1,49,16.4,102.5,0
1,51,14.9,106.0,0
1,51,16.8,107.0,0
1,29,13.8,91.0,0
1,53,13.3,102.0,0
1,34,10.3,87.0,0
1,41,9.6,99.0,0
1,2,4.3,52.7,1
0,49,16.8,105.0,0
0,49,16.1,106.0,0
0,16,11.2,77.0,0
1,28,10.5,83.5,0
1,58,17.4,109.0,0
1,2,5.4,61.0,0
1,46,15.8,106.0,0
0,34,10.4,83.0,1
0,11,9.5,72.0,0
0,23,11.9,84.0,0
0,4,6.5,62.0,0
0,27,12.8,90.0,0
0,41,14.4,103.0,0
0,42,11.8,90.0,1
1,22,10.6,77.6,1
0,30,10.2,82.7,1
0,37,14.5,86.0,1
1,43,10.7,89.5,1
0,52,13.7,96.2,1
0,0,4.0,53.0,0
1,1,3.9,53.0,0
1,27,13.4,91.0,0
0,41,14.4,100.0,0
0,13,10.3,75.0,0
1,10,8.0,73.0,0
1,19,10.8,79.0,0
1,23,11.0,81.0,0
1,37,12.7,91.5,0
0,32,13.5,91.0,0
0,37,11.3,86.6,1
0,37,11.6,93.0,0
1,1,4.0,52.0,0
1,47,16.8,106.0,0
1,58,17.0,108.0,0
1,22,12.2,83.0,0
1,45,16.8,105.0,0
1,51,13.2,92.9,1
1,24,9.0,81.0,0
1,38,14.4,97.0,0
1,9,8.8,75.0,0
0,22,12.0,82.0,0
0,54,16.5,105.0,0
1,45,11.5,90.8,1
1,53,14.8,97.0,0
1,44,15.5,107.0,0
1,49,16.0,109.0,0
0,28,11.9,84.0,0
1,2,5.3,60.0,0
1,28,10.9,85.0,0
1,48,14.5,99.0,0
1,41,12.0,91.5,0
1,52,14.4,99.0,0
1,43,16.1,103.0,0
1,52,15.9,107.5,0
1,55,15.7,110.0,0
1,55,13.7,98.0,0
1,45,11.8,92.0,1
1,41,13.9,108.0,0
1,18,11.1,79.0,0
1,26,12.0,86.0,0
1,49,14.7,105.0,0
1,17,10.3,78.0,0
1,55,16.7,100.0,0
1,4,6.4,60.0,0
1,56,15.6,106.0,0
1,38,12.4,94.0,0
0,19,12.8,82.0,0
0,34,14.0,95.0,0
0,35,11.7,90.0,0
1,41,15.6,106.0,0
0,26,10.4,81.9,1
1,15,9.3,75.0,0
0,20,9.5,77.7,1
1,6,7.1,65.0,0
0,58,14.0,104.0,0
0,49,13.4,96.0,0
1,32,14.5,96.0,0
0,56,16.0,117.0,0
1,42,15.0,105.0,0
0,1,3.6,53.0,0
0,14,9.9,79.0,0
0,33,13.2,93.0,0
0,54,17.0,105.0,0
1,7,8.0,65.0,0
1,29,11.1,85.7,0
1,22,10.6,85.0,0
1,39,14.8,100.0,0
1,23,12.0,90.0,0
1,14,10.0,80.0,0
0,29,11.7,92.0,0
0,11,9.4,72.0,0
1,15,9.7,73.0,0
1,59,16.8,110.5,0
1,60,16.2,102.0,0
0,21,8.4,83.0,0
1,7,7.5,64.0,0
1,49,14.8,96.0,0
1,7,7.6,68.0,0
0,9,8.1,70.0,0
0,49,16.6,104.5,0
0,55,13.7,101.0,0
1,27,10.3,82.0,0
1,52,15.8,105.0,0
0,39,14.6,98.0,0
1,28,10.6,84.0,0
1,32,10.1,82.0,1
1,38,14.4,100.0,0
1,1,4.3,51.0,0
1,28,10.6,86.0,0
1,37,15.8,105.0,0
0,19,9.0,76.5,1
0,32,12.8,91.0,0
0,53,14.0,96.2,1
0,25,11.7,90.0,0
0,10,10.4,73.0,0
1,25,12.9,89.0,0
1,17,11.1,78.0,0
1,47,15.1,104.0,0
1,41,14.7,100.0,0
1,57,19.8,113.0,0
0,24,11.7,83.0,0
1,16,10.0,79.0,0
0,19,9.5,76.0,1
0,20,11.9,84.0,0
0,28,10.0,85.7,0
0,29,9.3,91.0,0
0,0,3.0,48.0,0
0,15,11.0,82.0,0
1,3,5.0,58.0,0
0,6,7.4,66.0,0
1,7,7.0,65.0,0
0,2,5.9,55.8,1
1,28,13.9,94.0,0
0,7,7.3,66.0,0
1,5,6.0,64.0,0
1,28,13.0,89.0,0
1,0,4.2,52.0,0
1,32,14.6,103.0,0
0,2,5.0,58.0,0
1,7,6.5,68.0,0
1,5,7.4,67.0,0
0,16,10.5,76.0,0
0,3,5.6,58.0,0
0,28,13.0,91.0,0
0,9,9.5,72.0,0
1,29,13.6,92.0,0
0,15,8.8,73.4,1
1,6,6.7,66.2,0
1,4,5.5,59.0,0
1,3,5.4,58.0,0
1,33,13.8,95.0,0
0,11,7.0,72.0,0
0,3,5.5,60.0,0
0,29,13.9,92.0,0
1,35,14.0,93.0,0
0,33,14.5,95.0,0
0,20,11.5,83.0,0
0,20,11.9,85.0,0
1,20,11.7,84.0,0
0,9,8.7,70.0,0
1,29,11.8,87.0,0
1,7,7.0,66.0,0
1,2,4.0,55.0,0
0,3,6.0,61.0,0
0,4,6.3,61.0,0
0,29,12.7,87.0,0
0,2,5.4,58.0,0
1,12,9.4,73.0,0
1,11,8.6,69.0,0
1,4,5.4,61.0,0
0,6,7.4,65.0,0
0,3,5.4,60.0,0
0,13,8.9,71.0,1
0,35,12.3,86.8,1
1,9,8.0,70.0,0
0,3,6.5,61.0,0
1,1,4.0,54.0,0
0,14,10.0,78.0,0
1,10,8.5,69.0,0
1,30,13.6,100.0,0
1,5,6.3,61.0,0
1,17,5.9,77.0,0
1,8,6.5,68.0,0
0,2,5.7,56.0,0
1,6,6.9,62.0,0
1,6,6.5,62.0,0
0,40,16.3,100.3,0
0,10,6.3,79.0,0
1,14,10.5,85.0,0
0,30,13.0,92.0,0
1,4,5.8,59.0,0
0,2,5.0,57.0,0
1,2,3.5,56.0,0
0,1,4.0,55.0,0
1,4,4.2,58.0,1
1,1,4.0,55.0,0
0,3,5.2,60.0,0
0,14,5.7,66.0,1
0,20,11.4,84.0,0
1,0,3.0,49.0,0
0,29,13.7,93.0,0
1,0,3.7,54.0,0
0,4,4.4,59.0,1
1,41,14.7,102.0,0
0,4,6.5,60.0,0
1,2,4.6,55.0,0
0,4,6.0,61.0,0
1,15,10.4,76.0,0
0,3,5.1,60.0,0
1,5,6.3,60.0,0
0,3,6.4,60.0,0
0,7,5.0,64.0,1
1,6,5.4,66.0,0
0,31,9.5,81.0,1
0,13,7.6,77.0,0
1,14,7.3,62.0,1
1,0,2.7,48.0,0
1,2,4.5,55.0,0
0,4,4.2,60.0,1
0,4,6.2,60.0,0
0,0,3.5,53.0,0
0,17,5.8,78.0,0
1,10,8.8,70.0,0
0,0,3.7,54.0,0
1,0,3.1,49.0,0
0,2,5.2,60.0,0
0,3,5.3,58.0,0
1,3,3.6,57.0,0
0,0,3.4,52.0,0
0,2,5.3,57.0,0
1,10,6.6,65.0,1
1,3,4.9,59.0,0
1,5,4.3,61.0,0
1,3,5.6,58.0,0
0,4,6.0,60.0,0
1,5,4.2,57.0,1
0,2,5.3,60.0,0
1,15,8.3,68.0,1
1,29,12.7,87.4,0
1,0,4.0,52.0,0
1,32,14.6,94.0,0
0,5,6.6,66.0,0
1,8,6.1,68.0,0
0,0,3.7,53.0,0
0,5,4.1,62.0,1
0,5,6.6,63.0,0
0,2,4.9,58.0,0
0,3,3.6,55.0,1
1,22,11.4,85.0,0
1,15,8.4,67.0,1
1,11,9.0,71.0,0
0,15,10.5,85.0,0
0,26,13.5,94.0,0
0,1,4.5,54.0,0
1,4,6.0,62.0,0
0,15,10.4,78.0,0
0,5,6.5,62.0,0
0,31,14.9,99.0,0
1,5,6.0,61.0,0
0,36,14.3,94.0,0
0,3,5.3,62.0,0
1,9,9.0,71.0,0
0,8,8.0,69.0,0
0,10,9.6,74.0,0
0,5,7.0,65.0,0
0,2,6.0,59.0,0
0,19,10.8,81.0,0
1,11,8.3,69.0,0
1,4,5.6,61.0,0
0,4,6.2,61.0,0
0,30,13.6,96.0,0
1,21,9.5,75.0,1
0,34,14.6,98.0,0
0,18,10.7,79.0,0
0,6,7.6,65.0,0
0,28,13.6,94.0,0
1,10,8.0,65.5,1
0,29,13.0,92.0,0
1,32,14.3,102.0,0
1,36,13.7,96.0,0
0,9,9.0,71.0,0
0,11,9.4,74.0,0
0,23,8.5,79.2,1
0,4,6.0,64.0,0
0,3,5.8,60.0,0
0,11,8.1,73.0,0
1,7,7.8,70.0,0
1,16,10.0,76.0,0
1,19,10.0,77.0,0
0,22,10.8,88.0,0
0,12,9.0,73.0,0
0,10,6.0,63.0,1
0,21,11.9,82.0,0
1,8,7.5,65.0,0
0,16,9.1,72.0,1
0,6,7.0,66.0,0
1,15,10.7,81.0,0
0,7,7.4,72.0,0
0,18,9.4,80.9,0
1,12,7.9,69.8,0
1,13,7.9,70.6,0
0,18,12.5,81.8,0
0,11,9.1,75.0,0
1,26,11.2,85.7,0
1,24,10.9,81.0,0
1,6,7.9,66.0,0
1,19,11.4,83.0,0
0,52,14.0,103.0,0
1,9,9.5,66.0,0
0,59,13.5,97.0,1
0,8,6.9,65.8,1
1,35,10.5,84.6,1
1,27,9.3,77.6,1
1,30,11.9,93.0,0
1,51,11.1,93.6,1
1,18,8.3,75.5,0
1,40,12.6,96.0,0
1,40,9.4,96.0,0
1,42,15.0,101.0,0
1,42,15.0,103.0,0
0,27,8.6,76.8,1
1,11,9.3,75.0,0
0,32,12.7,93.0,0
0,37,13.8,96.0,0
0,23,12.0,90.0,0
0,30,13.1,89.0,0
0,40,16.0,102.0,0
0,31,14.0,94.0,0
1,11,8.5,73.0,0
0,31,14.0,93.0,0
0,2,5.5,60.0,0
1,9,8.4,70.0,0
1,37,11.0,85.7,1
0,31,13.7,99.0,0
0,49,15.4,103.0,0
0,45,15.7,111.0,0
0,1,4.0,54.0,0
0,50,15.1,106.0,0
0,6,7.7,67.0,0
1,17,11.0,83.0,0
1,4,5.6,59.0,0
0,23,17.1,94.0,0
1,37,14.6,101.0,0
1,19,11.0,83.0,0
0,45,15.0,99.0,0
0,38,13.3,98.0,0
0,46,14.9,103.0,0
1,25,8.2,78.5,1
1,8,7.2,71.0,0
0,53,15.9,108.0,0
1,21,8.3,76.7,1
0,40,14.6,99.0,0
0,7,7.5,64.0,1
0,9,8.5,70.0,0
0,57,16.0,104.0,0
0,13,5.6,64.3,1
0,12,7.7,77.0,0
0,52,16.8,106.0,0
1,18,11.4,62.0,1
0,45,9.3,99.0,0
0,39,12.3,89.5,1
1,11,9.2,73.0,0
1,58,15.0,107.0,0
0,10,8.4,71.0,0
1,27,13.7,91.0,0
1,36,12.7,96.0,0
1,17,11.2,80.0,0
1,17,10.0,81.0,0
1,21,10.6,79.0,0
1,57,16.7,106.0,0
1,46,16.6,103.0,0
1,40,13.7,94.7,0
1,40,15.0,102.0,0
0,27,9.0,87.0,0
0,40,15.6,99.0,0
0,60,16.1,113.0,0
0,13,10.0,76.0,0
0,38,14.8,97.0,0
0,18,9.2,76.0,1
0,40,13.6,91.5,0
1,10,8.5,70.0,0
1,59,15.3,109.0,0
1,5,6.7,62.0,0
1,34,13.2,91.0,0
1,45,15.5,101.0,0
1,55,17.3,106.0,0
1,37,14.0,94.0,0
0,50,15.6,106.0,0
1,52,16.3,107.0,0
0,36,11.9,93.0,0
1,37,13.9,99.0,0
1,39,15.6,102.6,0
1,38,11.8,89.0,0
0,1,3.0,49.7,1
0,23,11.7,84.0,0
1,56,13.6,101.0,0
0,53,14.7,106.0,0
0,50,16.8,108.0,0
1,44,14.7,100.0,0
1,36,12.9,96.0,0
0,46,14.9,96.5,0
1,52,12.0,97.0,0
1,47,15.8,107.0,0
1,47,14.0,104.0,0
0,45,15.7,108.0,0
0,59,13.7,97.8,1
0,2,6.1,58.0,0
0,41,14.9,103.0,0
1,13,10.0,77.0,0
0,32,10.6,84.5,1
1,43,12.3,88.0,1
1,38,11.1,87.5,1
1,41,13.8,93.5,0
1,54,13.3,93.6,1
1,2,5.0,59.0,0
1,52,11.4,93.0,1
1,52,16.4,109.0,0
0,5,6.7,64.0,0
1,10,7.9,70.0,0
0,39,10.5,88.4,1
1,45,14.2,99.0,0
1,45,15.6,103.0,0
1,39,11.0,100.0,0
1,22,12.8,83.0,0
1,48,15.7,108.0,0
0,32,13.7,93.0,0
1,11,9.3,71.0,0
1,40,9.2,86.6,1
1,44,13.0,89.3,1
0,50,16.5,106.0,0
0,4,6.5,61.0,0
0,50,17.0,107.0,0
1,35,14.7,97.0,0
1,41,14.5,103.0,0
1,41,14.7,103.0,0
0,48,17.2,105.0,0
0,56,16.8,112.0,0
0,18,11.2,79.0,0
1,40,14.8,103.0,0
1,40,14.0,94.0,0
1,28,11.8,87.0,0
1,9,8.2,72.0,0
1,53,15.6,102.0,0
1,27,13.5,90.0,0
0,16,11.2,83.0,0
1,12,9.6,75.0,0
1,12,8.5,71.0,0
1,49,14.2,105.0,0
0,53,13.2,100.0,0
1,58,14.0,101.0,0
1,26,10.9,84.0,0
1,43,13.7,94.0,0
0,14,9.2,75.0,0
0,48,13.2,93.4,1
0,16,10.8,76.0,0
0,51,13.4,97.0,0
1,46,16.0,103.0,0
1,59,16.9,105.0,0
0,50,16.7,110.0,0
0,39,16.1,100.0,0
1,9,8.3,71.0,0
0,35,12.5,93.0,0
0,34,12.9,94.0,0
0,34,14.6,96.0,0
0,29,13.6,98.0,0
0,8,8.2,69.0,0
0,20,9.3,77.0,1
0,43,14.9,105.0,0
1,58,15.9,108.0,0
1,59,14.3,102.0,0
1,29,12.0,84.0,0
1,54,15.8,110.0,0
1,9,8.3,69.0,0
1,25,11.7,91.0,0
1,46,16.4,105.5,0
0,38,15.5,109.0,0
1,33,13.9,97.0,0
0,42,14.2,95.3,0
1,14,9.7,74.0,0
0,47,16.0,105.0,0
1,14,10.1,75.0,0
0,23,8.9,78.9,1
0,12,7.6,69.7,1
1,44,14.0,95.5,0
1,13,9.5,71.0,0
1,47,15.7,104.0,0
1,27,10.7,87.0,0
1,6,5.9,65.0,0
1,18,7.0,72.9,1
0,35,10.9,86.5,1
1,23,10.8,85.0,0
0,34,14.5,95.0,0
0,50,13.6,101.0,0
0,56,14.2,103.0,0
0,46,15.2,106.0,0
0,8,8.6,69.0,0
1,57,16.2,113.0,0
1,29,14.2,91.0,0
1,55,15.5,109.0,0
0,41,15.2,102.0,0
1,19,10.0,81.0,0
0,55,15.9,101.0,0
1,4,6.2,60.0,1
1,58,16.4,103.5,0
0,21,12.4,87.0,0
0,49,15.6,104.0,0
1,40,16.0,104.0,0
0,18,10.7,78.0,0
0,20,12.1,85.0,0
1,52,15.8,106.0,0
1,49,15.0,105.0,0
1,32,11.0,91.0,0
0,53,15.0,104.5,0
0,27,10.2,81.5,1
0,36,11.3,87.8,1
0,13,7.5,72.1,1
0,55,12.8,96.5,1
0,6,5.9,62.0,1
0,52,13.2,93.5,1
0,9,8.9,67.5,1
0,29,9.5,82.4,1
0,31,8.8,81.3,1
0,38,11.7,88.2,1
0,39,10.2,86.5,1
0,23,10.2,80.0,1
0,46,14.4,105.0,0
0,49,12.3,92.8,1
0,23,8.9,79.8,1
1,39,15.2,104.0,0
0,38,14.0,101.0,0
0,52,16.2,108.0,0
0,52,16.9,107.6,0
1,28,9.0,80.2,1
0,35,12.7,96.0,0
0,32,10.5,83.6,1
1,3,6.4,63.0,0
1,3,5.7,58.0,0
0,17,11.0,82.0,0
1,44,16.0,104.5,0
0,2,5.4,60.0,0
0,6,7.0,65.5,0
1,51,15.2,112.0,0
0,22,10.9,82.0,0
0,12,9.3,74.0,0
0,0,3.4,49.0,0
0,13,9.4,76.0,0
0,28,10.9,83.0,1
0,48,12.7,105.0,0
0,25,10.2,86.0,0
1,31,12.5,95.0,0
0,51,16.3,112.0,0
1,46,14.9,106.0,0
1,7,7.4,68.0,0
0,31,11.5,90.0,0
0,9,8.0,69.5,0
0,5,6.6,65.0,0
1,52,11.9,93.5,1
1,41,16.0,104.5,0
1,22,11.0,81.0,0
0,38,9.2,82.3,1
0,40,15.4,97.0,0
0,57,16.2,103.0,0
0,35,8.2,79.1,1
0,38,13.6,88.1,1
0,7,6.3,67.0,0
1,49,15.8,106.0,0
1,53,14.0,104.0,0
1,53,15.7,104.0,0
0,60,16.6,112.0,0
1,40,14.7,104.5,0
1,57,14.8,99.0,0
1,17,9.6,84.7,0
1,0,4.1,53.0,0
0,59,16.8,110.5,0
1,15,10.5,76.0,0
0,13,10.5,74.0,0
1,41,17.3,102.0,0
1,41,14.9,98.0,0
1,26,8.2,92.0,0
1,38,14.8,103.0,0
0,55,15.8,112.0,0
0,53,15.8,108.0,0
0,27,13.0,90.2,0
0,27,12.0,87.0,0
0,51,16.1,108.0,0
0,43,14.6,99.0,0
0,53,16.2,107.0,0
0,57,17.0,106.0,0
1,7,8.4,65.0,0
1,21,7.8,78.0,0
0,36,12.0,89.5,0
1,58,16.8,113.0,0
1,2,4.6,56.0,0
0,39,14.0,93.7,0
0,50,16.6,104.5,0
0,48,13.7,97.0,0
1,15,10.4,80.0,0
0,39,14.8,102.0,0
1,11,8.9,70.0,0
1,32,13.6,96.0,0
1,51,15.9,108.0,0
0,32,13.9,94.0,0
1,25,10.7,87.0,0
1,30,13.0,100.0,0
1,27,10.9,84.0,0
1,27,12.0,89.0,0
0,53,16.2,113.0,0
0,49,17.2,107.0,0
0,50,14.5,106.0,0
0,21,11.9,84.0,0
0,57,14.0,97.4,1
1,57,12.3,99.0,0
1,32,9.9,86.0,0
1,40,15.0,98.0,0
0,49,12.1,93.8,1
0,38,11.6,97.0,0
1,34,12.4,91.0,0
0,9,7.9,67.0,1
1,18,10.6,81.0,0
0,8,5.9,63.7,1
1,13,9.6,75.0,0
1,24,11.0,85.0,0
1,40,15.7,101.0,0
0,47,16.2,109.0,0
1,35,14.8,96.0,0
0,37,16.7,102.0,0
0,25,10.6,82.5,0
1,10,9.2,74.0,0
1,29,10.0,89.0,0
1,8,8.1,70.0,0
1,53,15.3,103.0,0
0,26,12.3,92.0,0
0,21,11.6,82.0,0
1,10,8.0,68.0,0
0,6,7.1,65.0,0
0,44,13.5,95.0,0
0,39,14.2,95.0,0
0,47,17.8,113.0,0
0,42,12.7,97.0,0
1,37,15.4,99.0,0
1,38,11.8,89.5,0
0,50,14.3,100.3,0
1,15,9.0,74.0,0
1,34,13.5,96.0,0
1,26,12.4,93.0,0
1,23,10.5,83.0,0
1,23,10.1,79.0,1
1,52,16.7,108.0,0
1,20,8.6,81.0,0
1,0,3.4,50.0,0
1,53,15.2,101.0,0
1,58,15.2,106.0,0
1,31,11.8,91.0,0
1,58,16.2,108.0,0
1,35,13.7,98.0,0
1,38,16.0,105.0,0
1,44,13.0,103.0,0
0,44,14.8,99.0,0
1,39,13.7,94.0,0
1,24,11.7,85.0,0
1,45,15.0,102.0,0
0,15,10.2,75.0,0
0,24,10.8,87.0,0
0,31,12.9,91.0,0
1,26,12.9,89.0,0
0,8,8.0,68.0,0
0,21,10.9,87.0,0
1,40,15.0,103.0,0
1,16,8.8,81.0,0
1,21,11.0,84.0,0
1,51,13.8,96.0,0
0,30,10.8,94.0,0
1,37,12.2,89.0,0
1,32,13.7,92.0,0
0,32,14.2,92.0,0
0,27,11.6,85.0,0
1,30,14.2,93.0,0
0,12,7.4,69.5,1
0,37,10.4,86.8,1
0,31,10.1,84.5,1
0,37,12.0,87.9,1
0,12,6.8,69.1,1
1,53,16.4,107.0,0
1,31,9.2,81.0,1
1,43,10.9,90.0,1
0,17,9.7,75.6,1
0,39,11.2,89.9,1
1,42,10.2,100.0,0
1,47,13.1,95.6,0
0,12,7.8,70.4,1
1,28,8.4,86.0,0
1,50,17.4,105.0,0
1,27,11.8,85.0,0
1,17,10.5,78.0,0
1,7,8.1,65.0,0
1,18,10.0,77.0,0
1,14,10.6,81.0,0
1,37,9.0,79.2,1
0,8,6.2,65.3,1
0,55,14.1,97.1,1
0,31,9.4,84.0,1
0,50,15.8,104.0,0
0,32,11.4,83.5,1
0,32,10.5,85.2,1
0,19,8.6,76.8,1
1,31,10.4,78.1,1
1,13,9.5,75.0,0
1,30,9.8,83.0,1
1,31,9.2,82.2,1
0,34,15.0,99.0,0
1,44,15.4,104.0,0
1,24,12.0,89.0,0
1,55,14.4,105.5,0
1,15,9.8,76.0,0
1,13,9.4,75.0,0
1,30,8.1,81.0,1
1,41,14.5,106.0,0
1,38,14.8,100.0,0
1,50,14.9,98.7,0
1,43,12.5,98.0,0
1,54,14.7,104.0,0
1,57,17.9,111.0,0
1,57,13.5,96.0,1
1,20,11.5,84.0,0
1,8,7.8,68.0,0
1,40,12.7,95.0,0
0,57,20.8,109.0,0
1,35,12.6,98.0,0
1,48,14.0,103.0,0
1,18,10.0,78.0,0
1,38,11.5,87.7,1
1,40,16.0,103.0,0
1,8,5.8,65.0,0
1,26,9.3,79.3,1
1,13,9.0,73.0,0
0,34,11.6,89.0,0
1,45,15.6,105.0,0
0,27,9.1,81.1,1
1,58,16.6,107.6,0
0,25,11.1,93.0,0
0,13,10.4,78.0,0
1,41,13.7,93.0,0
0,30,9.7,81.2,1
1,7,7.2,64.0,0
0,3,5.2,58.0,0
0,21,12.0,87.0,0
1,22,8.9,80.0,0
1,23,11.8,87.0,0
1,34,14.2,96.0,0
1,3,6.7,61.0,0
1,32,11.7,88.7,0
0,28,12.7,91.0,0
1,30,12.7,87.0,0
1,27,10.2,84.5,0
1,57,19.4,107.0,0
1,32,14.6,97.0,0
1,32,13.3,89.0,0
1,1,4.1,53.0,0
0,32,10.2,86.5,0
1,54,15.7,108.0,0
1,31,11.6,93.0,0
1,18,9.4,73.8,1
0,52,15.6,104.0,0
1,55,14.6,102.0,0
1,47,13.0,91.8,1
0,54,12.0,95.7,1
0,51,13.2,94.0,1
0,54,14.2,89.8,1
0,57,14.3,97.4,1
0,34,10.4,81.9,1
1,25,9.5,79.2,1
1,53,11.1,88.8,1
1,45,15.0,107.0,0
0,43,15.8,103.0,0
1,36,15.0,101.0,0
1,3,5.4,57.0,1
1,39,12.3,89.3,0
1,13,9.9,75.0,0
1,27,7.9,80.0,1
1,47,16.6,109.0,0
1,29,13.0,91.0,0
1,5,3.1,52.0,1
0,58,15.8,109.0,0
1,43,11.3,90.9,1
0,35,11.6,86.4,1
0,19,9.2,76.0,1
0,42,13.4,91.4,1
0,28,13.2,94.0,0
1,34,14.4,95.0,0
1,15,10.0,77.0,0
1,51,16.5,104.0,0
1,34,9.8,84.0,1
0,33,10.8,86.2,1
1,40,11.4,88.5,1
0,54,14.9,110.0,0
0,27,9.8,87.0,0
1,43,12.8,93.4,0
1,43,15.6,103.0,0
1,17,10.4,82.0,0
1,37,9.0,81.9,1
1,46,15.7,111.0,0
0,35,13.8,97.0,0
0,53,15.7,106.0,0
0,26,12.9,93.0,0
0,24,11.7,87.0,0
0,29,13.0,91.0,0
0,56,16.5,112.0,0
0,8,9.0,72.0,0
0,56,16.0,109.0,0
0,39,13.5,91.0,0
0,40,14.8,103.0,0
0,18,10.2,83.0,0
0,46,14.5,105.0,0
0,47,15.9,106.0,0
0,59,16.6,107.0,0
0,15,10.9,76.0,0
0,4,6.3,60.0,0
0,24,12.7,88.0,0
0,30,11.7,87.0,0
0,53,14.0,112.0,0
0,24,12.8,85.0,0
0,54,15.5,109.0,0
0,53,14.4,102.0,0
0,13,10.3,77.0,0
0,25,12.8,87.0,0
0,40,14.9,101.0,0
0,40,14.2,96.0,0
0,36,14.0,102.0,0
0,32,10.3,87.0,0
0,59,16.7,108.0,0
0,51,15.7,106.0,0
0,50,15.6,105.0,0
0,4,6.4,62.0,0
0,29,13.2,90.0,0
0,9,8.3,69.0,0
0,32,13.2,94.0,0
0,49,13.5,101.0,0
0,20,12.5,89.0,0
0,51,15.0,104.0,0
0,4,6.5,63.0,0
0,47,12.7,99.0,0
1,14,10.0,79.0,0
0,51,16.8,107.0,0
0,49,13.8,103.0,0
0,3,5.7,59.0,0
0,28,12.9,84.5,0
0,23,11.3,84.0,0
0,50,14.6,99.7,0
0,20,11.9,88.0,0
0,18,10.3,85.0,0
0,57,12.8,100.0,0
0,55,15.6,107.0,0
0,42,15.2,100.0,0
0,51,15.8,107.0,0
0,20,11.1,87.0,0
0,6,6.9,64.0,0
0,18,11.2,86.0,0
0,50,15.9,102.0,0
0,45,15.4,104.0,0
0,45,16.6,105.0,0
0,51,16.2,107.0,0
0,16,11.1,85.0,0
0,31,15.4,93.0,0
0,57,16.0,109.0,0
0,55,16.6,111.0,0
0,37,11.4,92.0,0
0,26,12.6,92.0,0
0,58,13.9,100.4,0
0,59,16.3,109.0,0
0,52,15.8,107.0,0
0,13,9.6,76.0,0
0,26,13.6,90.0,0
0,24,12.3,88.1,0
0,14,10.4,79.0,0
0,25,12.9,88.0,0
0,11,9.6,75.0,0
0,4,5.7,60.0,0
0,20,11.1,84.0,0
0,10,8.5,70.0,0
0,60,15.0,109.0,0
0,26,12.6,89.0,0
0,54,17.3,99.2,0
0,17,11.3,80.0,0
1,54,16.0,107.0,0
0,15,10.2,76.0,0
0,12,10.0,78.0,0
0,22,10.8,81.0,0
0,38,14.0,99.0,0
0,42,15.7,104.0,0
0,52,14.5,104.0,0
0,45,11.7,94.0,0
0,38,13.4,95.0,0
0,25,13.0,85.0,0
0,57,16.2,110.0,0
0,45,17.2,104.3,0
0,16,10.2,79.0,0
0,8,10.5,71.0,0
0,19,13.1,81.3,0
0,10,7.9,70.0,0
0,53,15.1,107.0,0
0,29,13.2,89.0,0
0,13,10.0,74.0,0
0,56,16.2,107.0,0
0,46,15.4,107.0,0
0,32,11.3,91.0,0
0,47,12.9,102.3,0
0,20,12.0,91.0,0
0,57,16.6,109.0,0
0,29,14.0,89.0,0
0,36,13.8,92.0,0
0,23,10.9,86.0,0
0,50,16.8,106.0,0
0,24,11.2,85.0,0
0,46,15.5,104.0,0
0,43,13.7,96.2,0
0,43,14.1,103.0,0
0,51,15.8,111.0,0
0,24,11.8,86.0,0
0,36,14.6,96.0,0
0,51,15.9,108.0,0
0,17,7.8,76.5,0
0,25,11.4,85.0,0
0,13,9.5,77.0,0
0,33,13.9,95.0,0
0,57,16.8,112.0,0
0,37,16.0,102.0,0
0,35,18.9,99.0,0
0,12,9.8,76.0,0
0,59,16.4,113.0,0
0,58,16.6,112.0,0
0,42,15.6,102.0,0
0,14,9.8,78.0,0
0,18,10.7,81.0,0
0,27,10.9,83.5,0
1,26,11.7,87.0,0
0,27,13.4,87.0,0
0,58,16.5,110.0,0
0,53,16.9,106.0,0
1,38,14.0,93.0,0
0,32,14.4,93.0,0
0,58,14.8,101.0,0
0,25,12.8,90.0,0
0,36,12.9,92.0,0
0,51,12.4,98.0,0
0,10,8.3,71.0,0
0,19,11.5,88.0,0
0,4,5.9,61.0,0
0,19,10.4,78.5,0
0,45,13.0,94.0,0
0,44,15.0,106.0,0
1,18,11.0,83.0,0
0,25,13.2,87.0,0
0,51,11.8,97.5,0
0,30,15.2,89.2,0
0,48,15.6,105.0,0
0,36,12.7,92.0,0
0,18,10.4,84.0,0
0,45,14.7,99.0,0
0,15,11.7,79.0,0
0,59,14.0,101.0,0
0,21,11.3,84.0,0
1,13,9.5,74.0,0
1,13,9.6,74.0,0
0,42,14.8,95.3,0
0,50,15.2,102.0,0
0,51,15.6,107.0,0
0,56,16.4,113.0,0
0,49,14.5,99.0,0
0,49,15.7,105.0,0
0,43,15.8,107.0,0
0,2,4.6,60.0,0
0,52,15.0,109.0,0
0,50,16.8,105.5,0
0,27,10.4,90.0,0
0,54,17.8,106.0,0
0,42,15.6,100.0,0
0,17,9.7,88.0,0
0,23,12.0,87.0,0
0,23,11.7,86.0,0
0,44,13.4,94.2,0
0,48,15.6,106.0,0
0,4,6.7,61.0,0
0,34,14.5,89.6,0
0,39,15.5,102.0,0
0,45,15.6,104.0,0
0,38,13.7,97.0,0
0,47,13.5,103.0,0
0,41,16.0,101.0,0
0,39,15.8,102.0,0
0,52,16.7,106.0,0
0,12,8.9,72.0,0
0,53,16.7,105.0,0
0,38,14.1,90.7,0
0,13,9.6,75.0,0
0,34,12.5,91.0,0
0,51,16.3,106.0,0
0,22,12.4,87.0,0
0,5,6.5,64.0,0
1,53,14.4,101.9,0
0,41,15.3,103.0,0
0,27,13.8,95.0,0
0,41,15.0,103.0,0
0,51,15.8,110.8,0
0,4,7.0,63.0,0
0,4,6.0,62.0,0
0,48,16.0,106.0,0
0,55,17.4,106.0,0
0,55,16.6,105.0,0
0,57,13.6,105.0,0
0,37,12.7,86.0,1
0,38,14.5,98.0,0
0,49,23.9,115.0,0
0,3,5.6,63.0,0
0,52,14.7,93.0,1
0,48,16.5,104.0,0
0,3,5.7,64.0,0
0,45,15.4,102.0,0
0,57,17.6,112.0,0
0,51,16.7,108.6,0
0,51,15.3,99.0,0
0,25,10.0,86.0,0
0,51,16.0,108.0,0
0,22,11.4,85.0,0
0,38,12.3,91.7,0
0,47,16.4,109.0,0
0,31,13.4,90.0,0
0,43,14.8,103.0,0
0,8,8.7,70.0,0
0,0,3.1,51.0,0
0,12,9.9,72.0,0
0,6,8.0,70.0,0
0,8,8.9,73.0,0
0,33,13.2,88.0,0
0,23,10.5,82.0,0
0,14,10.7,75.0,0
0,27,13.2,89.0,0
0,13,8.3,73.0,0
0,15,10.1,77.0,0
0,26,9.3,83.5,0
0,11,7.9,72.0,0
0,7,7.4,71.0,0
0,15,9.8,78.0,0
0,11,7.3,74.0,0
0,7,9.1,73.0,0
0,28,11.7,88.0,0
0,31,11.5,89.0,0
0,41,11.7,94.0,0
0,8,8.4,70.0,0
0,9,7.5,67.0,1
0,28,10.4,84.5,0
0,29,13.2,91.0,0
0,27,14.3,90.0,0
0,15,11.0,79.0,0
0,16,10.4,80.0,0
0,22,9.1,81.0,0
0,14,9.5,77.0,0
1,35,9.7,83.8,1
1,44,14.5,108.0,0
1,25,11.6,86.0,0
1,35,15.3,96.0,0
1,49,13.9,102.0,0
1,52,17.0,105.0,0
1,52,17.0,112.0,0
1,4,7.4,60.0,0
1,47,15.7,103.0,0
1,46,16.0,105.0,0
1,28,11.5,86.0,0
1,40,17.9,99.0,0
0,39,14.5,98.0,0
0,30,14.4,96.0,0
1,22,7.7,77.5,1
1,40,11.8,87.7,1
1,50,12.3,92.8,1
1,32,9.1,83.0,1
1,56,11.4,92.4,1
1,21,7.9,74.3,1
1,21,11.5,76.0,1
1,38,10.1,84.0,1
1,33,9.3,79.9,1
0,47,12.4,92.1,1
0,45,12.7,91.0,1
0,45,11.1,87.3,1
0,50,12.3,90.2,1
1,35,11.2,82.3,1
1,34,9.4,81.0,1
0,59,13.3,97.5,1
0,46,11.5,90.9,1
0,27,10.1,81.8,1
0,47,11.4,90.6,1
1,29,13.0,92.0,0
1,37,9.7,99.0,0
1,50,11.2,89.0,1
0,9,7.9,70.0,0
0,43,11.0,90.0,1
1,27,11.4,88.2,0
1,40,11.7,101.0,0
0,27,13.7,95.0,0
0,46,16.8,106.0,0
0,44,15.3,107.0,0
1,14,9.4,73.0,0
1,33,11.5,88.0,0
1,15,10.8,79.0,0
1,46,15.3,109.0,0
1,4,6.7,63.0,0
1,44,15.0,106.0,0
1,17,11.4,80.0,0
1,29,14.2,93.0,0
1,49,14.8,104.0,0
1,15,10.0,78.0,0
0,27,12.0,89.0,0
1,58,16.4,111.0,0
0,8,8.0,67.0,0
0,43,12.8,93.7,0
0,55,15.4,107.0,0
0,13,9.7,74.0,0
0,53,14.6,105.0,0
0,38,14.3,99.0,0
0,38,12.3,91.8,0
0,5,7.2,69.0,0
0,32,14.2,98.0,0
0,43,15.9,102.0,0
0,19,11.0,81.0,0
0,40,14.6,96.0,0
0,25,11.5,84.0,0
0,22,11.8,89.0,0
0,39,13.8,101.0,0
0,52,16.9,108.0,0
0,11,9.3,73.0,0
0,42,14.7,100.0,0
0,50,15.6,109.0,0
0,38,13.0,100.0,0
0,40,14.5,98.0,0
0,48,15.6,107.0,0
0,56,15.8,111.0,0
0,44,13.6,102.0,0
0,23,11.9,86.0,0
0,25,12.8,89.0,0
0,29,13.3,94.0,0
0,46,14.6,99.0,0
0,52,19.4,104.6,0
0,50,14.5,99.0,0
0,15,10.7,80.0,0
0,48,15.6,103.4,0
1,24,12.8,86.0,0
0,22,10.4,81.0,0
1,39,11.0,90.0,0
0,3,7.4,62.0,0
0,57,15.4,103.3,0
0,42,16.4,93.7,0
0,3,5.7,60.0,0
0,18,10.6,81.0,0
0,4,5.6,58.0,1
0,31,13.2,86.0,0
0,9,9.6,70.0,0
1,38,10.7,90.0,0
1,38,11.8,93.0,0
0,42,15.0,102.0,0
0,20,10.5,81.0,0
0,54,15.7,107.0,0
0,31,9.6,86.5,0
0,19,11.2,81.0,0
0,17,10.7,78.0,0
0,6,7.4,69.0,0
0,25,13.0,93.0,0
0,21,11.0,80.0,0
0,25,12.7,92.0,0
0,23,12.7,84.0,0
0,40,14.4,103.0,0
0,17,12.0,84.0,0
0,57,18.5,105.0,0
0,15,12.2,78.5,0
0,33,14.7,92.0,0
0,24,12.8,81.6,0
0,37,11.2,89.5,0
0,6,8.6,70.0,0
0,32,14.6,98.0,0
0,20,11.3,85.0,0
0,31,13.9,95.0,0
0,13,9.4,73.0,0
0,16,9.7,75.5,0
0,50,17.5,109.0,0
0,41,13.5,92.0,0
0,24,12.6,91.0,0
0,44,21.0,104.0,0
0,43,14.8,104.0,0
0,34,14.7,94.0,0
0,17,10.7,77.0,0
0,1,4.5,57.0,0
0,35,14.8,96.0,0
0,32,14.1,96.0,0
0,24,12.5,93.0,0
0,35,14.9,97.0,0
0,0,4.0,54.0,0
0,46,15.0,110.0,0
1,41,13.8,95.0,0
1,41,13.7,98.0,0
1,19,7.8,76.0,0
0,30,12.0,90.0,0
0,59,16.9,105.6,0
0,29,11.4,88.0,0
1,12,9.4,75.0,0
1,35,12.9,96.0,0
1,46,14.9,102.0,0
1,58,12.5,103.0,0
1,52,17.8,106.0,0
1,46,15.7,104.0,0
1,42,13.2,100.0,0
1,56,15.2,107.0,0
1,12,8.6,70.0,0
1,28,9.6,79.1,1
1,11,8.6,71.0,0
1,27,13.7,92.0,0
1,13,10.0,76.0,0
1,28,11.5,87.0,0
1,8,7.9,67.0,0
1,47,13.9,98.0,0
1,24,10.7,83.0,0
1,26,9.6,83.0,0
1,48,12.9,109.0,0
1,59,16.8,106.5,0
1,42,15.2,102.0,0
1,34,12.1,87.0,0
1,53,13.6,102.0,0
1,52,14.4,107.0,0
1,46,13.4,101.0,0
1,39,14.0,98.0,0
1,9,8.0,66.0,0
1,51,17.8,107.0,0
1,51,15.9,109.0,0
1,27,12.8,86.0,0
1,16,10.9,79.0,0
1,19,10.3,77.0,0
1,32,14.0,94.0,0
1,56,16.8,106.0,0
1,29,10.5,83.5,0
1,53,15.7,109.0,0
1,29,11.6,89.0,0
1,45,15.0,101.0,0
1,45,15.4,103.0,0
1,30,13.6,92.0,0
1,45,14.9,101.0,0
1,3,4.9,58.0,0
1,35,14.2,94.0,0
1,25,8.5,77.0,1
1,38,10.0,84.9,1
1,37,10.5,84.0,1
1,46,10.5,94.0,0
1,40,15.0,99.0,0
0,23,10.3,84.0,0
1,12,9.8,79.0,0
1,39,15.0,104.0,0
1,23,11.7,80.0,0
1,5,6.9,62.0,0
1,30,13.0,92.0,0
1,56,17.1,106.0,0
1,29,13.7,93.0,0
1,20,9.3,78.0,0
1,10,8.0,70.0,0
0,56,15.7,101.0,0
1,26,10.6,83.0,0
1,33,12.3,88.5,0
1,0,4.0,55.0,0
1,34,9.8,98.0,0
1,18,7.3,73.0,1
1,39,12.0,94.0,0
1,12,9.5,72.0,0
0,35,13.6,93.0,0
1,3,5.7,59.0,0
1,52,15.1,103.0,0
0,44,14.1,100.0,0
1,30,12.4,88.0,0
1,3,5.6,59.0,0
1,51,11.5,96.4,0
1,32,11.5,90.0,0
1,53,15.3,110.0,0
0,36,12.0,87.4,1
1,11,8.7,71.0,0
1,50,16.0,104.0,0
1,21,11.2,84.0,0
0,49,14.0,102.0,0
0,39,15.6,99.0,0
0,14,9.0,71.7,1
0,22,12.0,84.5,0
1,36,14.9,102.0,0
0,51,12.3,91.1,1
0,39,10.9,89.1,1
1,38,11.0,85.4,1
1,44,12.0,92.5,0
1,52,11.1,96.5,0
1,54,17.0,108.0,0
1,30,10.4,84.0,0
1,25,11.5,84.0,0
1,30,9.5,85.0,0
1,41,15.0,91.0,0
1,55,14.4,98.0,0
1,49,11.1,95.0,0
1,34,14.0,99.0,0
1,6,6.5,66.0,0
1,60,14.3,101.3,0
1,11,8.7,72.0,0
0,33,12.7,90.0,0
1,5,6.7,65.0,0
1,25,12.9,88.0,0
1,44,14.2,101.0,0
1,10,8.3,73.0,0
1,38,10.8,95.0,0
1,58,15.2,108.0,0
1,58,12.5,98.0,1
1,51,16.2,113.0,0
1,47,13.9,100.0,0
1,51,12.8,100.0,0
1,31,12.3,92.0,0
1,15,8.4,76.0,0
1,30,13.0,96.0,0
1,7,7.9,69.0,0
1,46,15.4,105.0,0
0,37,11.0,89.8,0
0,49,15.2,105.0,0
1,7,7.4,65.0,0
1,9,7.7,68.0,0
1,51,11.4,94.2,1
1,52,12.0,93.2,1
1,58,14.7,102.0,0
0,27,9.3,82.9,1
1,24,10.1,85.0,0
1,52,11.6,93.6,1
1,16,8.8,76.6,1
1,48,11.6,90.2,1
0,40,11.6,89.3,1
1,45,12.0,91.0,1
1,42,21.0,96.0,0
1,24,7.5,74.1,1
1,24,9.1,79.5,1
0,32,11.0,85.8,1
1,41,13.2,93.0,0
1,53,13.3,95.0,1
0,43,15.9,99.0,0
0,47,16.1,103.0,0
0,16,10.8,79.0,0
0,59,16.1,111.0,0
1,26,12.6,90.0,0
1,57,19.1,105.0,0
1,14,9.5,74.0,0
1,30,14.3,94.0,0
1,6,7.1,63.0,0
1,11,8.3,72.0,0
1,38,13.2,95.0,0
1,11,9.1,71.0,0
1,53,16.5,107.0,0
1,4,5.7,61.0,0
1,27,13.0,94.0,0
1,15,8.0,71.0,1
0,29,10.3,81.7,1
1,12,9.0,74.0,0
1,17,10.0,78.0,0
0,26,11.0,82.2,1
0,53,15.0,109.0,0
0,33,12.4,94.0,0
0,3,4.0,56.7,1
0,57,15.1,111.0,0
0,26,11.9,86.0,0
0,26,13.5,93.0,0
0,34,12.7,88.5,0
0,36,13.0,96.0,0
0,47,14.2,102.0,0
0,36,14.4,97.0,0
0,23,11.8,87.0,0
0,17,11.6,76.0,1
0,55,17.5,106.0,0
0,40,14.5,104.0,0
0,53,14.5,105.0,0
0,41,15.5,105.0,0
0,56,17.0,102.5,0
0,42,11.8,97.0,0
0,13,9.5,75.0,0
0,43,12.0,97.0,0
0,51,15.7,107.0,0
0,48,14.1,97.0,0
0,49,12.3,96.0,0
1,39,14.9,100.0,0
1,52,14.5,99.0,0
1,58,14.5,98.0,1
1,18,11.3,78.0,0
1,25,12.2,89.0,0
1,26,13.1,93.0,0
1,47,16.0,108.0,0
0,32,13.7,94.0,0
0,47,15.5,107.0,0
0,6,7.3,65.0,0
0,10,7.0,70.0,0
1,37,14.6,96.0,0
0,38,12.2,92.0,0
0,51,13.8,98.0,0
0,39,20.0,100.0,0
0,3,6.9,60.0,0
0,27,13.5,94.0,0
1,27,12.0,86.0,0
1,27,13.0,95.0,0
1,39,15.7,100.0,0
1,46,15.8,105.0,0
1,2,5.0,57.0,0
1,42,14.3,99.0,0
1,2,6.2,55.0,0
0,26,10.1,83.5,0
0,9,8.0,70.0,0
1,4,6.3,60.0,0
1,20,11.0,86.0,0
1,31,13.0,94.0,0
1,14,9.0,72.0,0
0,3,5.5,57.0,1
0,38,15.4,96.0,0
0,54,16.9,104.0,0
1,59,12.9,97.6,1
0,33,10.4,82.7,1
0,15,10.0,76.0,0
0,35,13.0,95.0,0
0,31,13.2,97.0,0
0,47,13.9,100.0,0
0,42,15.4,102.0,0
1,27,10.2,81.6,0
0,15,11.0,81.0,0
1,49,12.0,90.0,1
0,38,13.8,100.0,0
1,18,10.7,77.0,0
0,27,13.6,89.0,0
0,56,16.9,114.0,0
0,56,15.8,110.0,0
0,44,14.6,106.0,0
0,44,11.7,88.6,1
0,9,7.7,70.0,0
1,59,14.0,96.0,1
0,10,8.5,72.0,0
1,26,10.9,88.0,0
0,15,10.7,77.0,0
0,15,9.2,77.0,0
1,2,5.3,56.0,0
0,26,12.6,88.0,0
0,17,10.4,77.0,0
0,43,12.0,90.5,1
1,11,9.6,72.0,0
1,45,16.0,102.0,0
0,33,14.4,94.0,0
1,16,9.7,78.0,0
1,40,12.8,91.0,0
1,48,13.5,97.0,0
0,27,13.0,93.0,0
0,37,14.9,101.0,0
1,40,12.8,90.0,0
1,27,13.5,87.0,0
0,54,14.6,104.0,0
0,46,16.0,104.0,0
1,55,13.0,100.0,0
0,52,15.7,99.0,0
0,19,10.8,88.0,0
1,33,11.6,95.0,0
0,21,10.0,81.0,0
0,28,10.4,83.4,1
0,12,9.8,82.0,0
0,15,10.2,79.0,0
1,14,9.7,77.0,0
1,29,14.3,94.0,0
1,45,14.9,106.0,0
1,43,13.4,102.0,0
1,56,14.4,100.0,0
0,47,13.8,99.0,0
0,19,10.7,82.0,0
1,48,15.9,105.0,0
1,31,11.4,87.0,0
0,49,15.7,102.0,0
0,41,11.5,91.0,1
1,40,15.7,103.0,0
1,40,12.7,92.5,0
0,17,11.5,84.0,0
0,52,11.5,93.8,1
1,25,11.7,84.0,0
1,8,7.7,66.0,0
0,30,13.7,91.0,0
0,53,14.1,101.0,0
0,19,11.1,79.0,0
1,47,12.5,94.6,0
0,39,15.0,103.0,0
0,5,7.7,68.0,0
1,12,9.3,72.0,0
1,21,10.9,80.0,0
0,9,8.1,68.0,0
1,53,17.0,106.0,0
0,39,14.5,97.0,0
0,48,14.8,98.5,0
0,50,15.3,102.0,0
0,32,14.7,94.0,0
1,54,13.6,96.3,1
1,7,7.9,68.0,0
1,24,9.4,81.0,0
1,27,13.0,90.0,0
0,55,15.2,103.2,0
1,28,12.7,88.0,0
1,45,15.7,107.0,0
1,43,15.4,102.0,0
0,34,13.8,94.0,0
0,32,13.0,92.0,0
0,27,9.9,78.8,1
1,52,25.6,105.0,0
1,17,10.8,81.0,0
1,34,15.7,96.0,0
0,12,6.8,70.6,1
1,56,13.0,93.2,1
1,55,16.3,109.0,0
1,16,7.0,72.3,1
0,58,16.9,105.0,0
0,28,9.6,78.6,1
0,35,13.7,89.0,0
1,22,8.9,77.6,1
1,41,11.6,89.7,1
0,34,10.6,86.1,1
1,60,16.2,109.0,0
0,23,11.5,87.0,0
1,58,12.1,92.5,1
1,35,12.7,96.0,0
1,45,15.7,104.0,0
1,20,10.8,88.0,0
1,40,10.1,96.0,0
0,43,13.4,92.0,1
1,14,7.2,71.5,0
1,20,10.1,78.0,0
1,7,7.1,70.0,0
1,53,14.0,99.0,0
1,23,12.8,90.0,0
1,55,15.1,103.0,0
0,41,13.7,99.0,0
1,32,10.1,82.8,1
0,6,8.1,66.0,0
1,38,14.6,100.0,0
1,52,14.8,100.0,0
1,29,12.8,102.0,0
1,27,10.6,82.0,0
1,4,7.6,60.0,0
1,26,11.7,83.0,0
1,23,10.7,80.0,0
1,53,17.4,108.0,0
1,53,12.5,98.5,0
1,12,10.5,74.0,0
1,20,11.6,80.0,0
1,33,11.4,96.0,0
1,15,7.9,74.0,0
1,37,15.0,99.0,0
1,4,5.5,58.0,1
1,44,13.3,99.0,0
1,33,12.3,92.0,0
1,41,13.9,99.0,0
1,53,17.7,102.0,0
1,21,11.2,87.0,0
1,22,10.7,90.0,0
1,40,11.8,103.0,0
1,30,14.2,94.0,0
0,33,12.6,92.0,0
0,38,15.1,101.0,0
0,26,12.5,91.0,0
1,11,8.4,72.0,0
1,15,9.1,77.0,0
1,50,13.0,100.0,0
1,22,8.5,80.0,0
0,44,11.4,93.5,0
1,52,14.5,100.0,0
1,26,9.0,79.3,1
1,20,8.4,76.0,1
0,35,10.5,85.1,1
0,12,7.6,71.0,1
0,28,13.6,92.0,0
0,41,15.6,106.0,0
1,19,11.9,85.0,0
1,40,14.5,98.0,0
1,59,17.4,111.0,0
1,41,13.7,96.0,0
0,0,4.1,54.0,0
0,29,10.5,87.0,0
1,35,14.8,95.0,0
1,48,16.7,107.0,0
0,42,15.5,105.0,0
1,40,15.6,101.0,0
1,60,16.0,111.0,0
1,24,12.7,87.0,0
1,24,11.8,90.0,0
1,54,16.2,112.0,0
1,51,16.7,108.0,0
1,24,11.8,86.0,0
1,15,9.8,77.0,0
0,17,9.0,73.5,1
1,17,11.0,77.0,0
1,41,12.4,98.0,0
1,22,10.9,82.0,0
0,15,9.0,76.0,0
1,41,10.9,89.0,1
0,11,7.6,70.0,1
1,5,6.3,63.0,0
0,48,11.5,90.3,1
0,26,9.4,90.0,0
1,6,6.3,63.0,0
1,32,13.0,98.0,0
1,49,17.3,106.0,0
1,29,12.6,90.0,0
1,32,13.0,100.0,0
1,16,9.7,74.7,0
1,40,13.4,99.0,0
1,52,14.9,100.3,0
0,37,13.7,95.0,0
1,44,12.1,90.8,1
1,22,7.6,72.5,1
1,33,13.8,94.0,0
1,49,15.0,106.0,0
1,52,11.3,93.1,1
0,48,12.5,93.5,1
1,57,12.3,97.8,1
1,17,9.5,85.0,0
0,38,17.7,94.0,0
0,19,9.8,77.2,1
1,36,14.3,95.0,0
1,47,12.0,90.7,1
1,9,7.5,69.0,0
1,44,15.0,103.0,0
0,52,14.1,101.0,0
1,43,15.8,105.0,0
0,32,14.6,95.0,0
0,19,11.6,90.0,0
0,46,13.3,95.0,0
1,50,15.2,102.0,0
1,38,9.6,85.3,1
0,35,11.8,91.0,0
0,59,16.7,105.6,0
0,56,15.5,114.0,0
1,49,12.9,94.0,1
1,17,10.3,84.0,0
1,35,13.7,95.0,0
0,57,17.7,107.0,0
1,36,14.0,93.0,0
0,38,10.6,86.0,1
0,25,9.4,78.3,1
1,52,12.8,99.0,0
1,26,12.4,91.0,0
1,37,9.5,93.0,0
1,39,9.8,84.0,1
0,12,6.6,68.4,1
0,23,10.3,80.0,1
0,19,8.8,77.2,1
0,49,11.9,94.0,1
0,54,12.4,94.1,1
0,9,6.1,66.8,1
0,52,11.4,90.5,1
0,47,11.9,89.3,1
0,35,10.6,85.9,1
1,41,10.7,95.0,0
1,44,11.6,91.0,1
1,44,10.3,87.2,1
0,38,12.5,89.1,1
0,36,13.2,100.0,0
1,29,11.2,88.0,0
0,45,14.9,103.0,0
1,57,13.0,99.0,0
1,32,14.9,94.0,0
1,29,12.3,89.0,0
1,33,12.7,94.0,0
1,40,14.8,97.0,0
1,42,15.6,104.0,0
1,43,14.9,101.0,0
1,21,11.0,83.0,0
1,15,11.2,78.0,0
1,50,16.2,110.0,0
1,50,15.4,105.0,0
0,55,14.0,100.0,0
0,32,14.0,92.0,0
0,57,16.1,112.0,0
0,30,14.9,94.0,0
0,30,13.1,91.0,0
1,21,12.4,84.0,0
1,1,4.5,54.0,0
1,55,15.6,111.0,0
1,45,11.2,93.0,0
1,44,18.0,102.0,0
1,35,14.4,97.0,0
1,15,10.1,77.0,0
0,46,16.0,107.0,0
0,26,13.6,94.0,0
0,56,17.2,109.0,0
0,9,9.4,70.0,0
1,4,6.7,60.0,0
0,16,11.0,83.0,0
1,52,15.2,109.0,0
0,14,10.1,76.0,0
1,25,12.2,83.0,0
1,13,9.6,76.0,0
0,54,15.0,104.0,0
1,23,11.1,85.0,0
